,ID,species,ps_pathway,chamber,trt,tray_number,planting.date,germination_date,Thinning_date,measurment_date,growth_co2,growth_temp,common.temp,leaf.biomass,leaf.13c.mass.mg.,leaf.d13c,leaf.d15NAir,focal.area,vcmax20,vpmax20,jmax20,tpu20,rd20,amaxLA20,vpmaxLA20,vcmax27.5,vpmax27.5,jmax27.5,tpu27.5,rd27.5,amaxLA27.5,vpmaxLA27.5,vcmax35,vpmax35,jmax35,tpu35,rd35,amaxLA35,vpmaxLA35
1,pas_smi1_t1_ch2,Pascopyrum Smithii,C3,2,AC+LT,1,12/26/22,1/7/23,NA,NA,420,20,27.5,0.08,3.09,-27.31,19.43,17.72,48.42560401,NA,111.7126771,8.091264214,0.666192428,NA,NA,85.71050064,NA,166.236412,11.13131932,1.011417287,NA,NA,NA,NA,NA,NA,NA,NA,NA
2,pas_smi2_t1_ch2,Pascopyrum Smithii,C3,2,AC+LT,1,12/26/22,,NA,NA,420,20,27.5,0.04,3.11,-27.06,16.32,11.865,NA,NA,NA,NA,NA,NA,NA,NA,NA,NA,NA,NA,NA,NA,NA,NA,NA,NA,NA,NA,NA
3,pas_smi3_t2_ch2,Pascopyrum Smithii,C3,2,AC+LT,2,12/26/22,1/11/23,NA,NA,420,20,27.5,0.28,2.73,-26.5,18.59,44.124,NA,NA,NA,NA,NA,NA,NA,NA,NA,NA,NA,NA,NA,NA,NA,NA,NA,NA,NA,NA,NA
4,pas_smi4_t2_ch2,Pascopyrum Smithii,C3,2,AC+LT,2,12/26/22,,NA,NA,420,20,27.5,0.12,3.25,-27.78,19.64,17.722,45.39259455,NA,106.1939332,NA,1.146801222,NA,NA,81.54947156,NA,154.6379659,10.69487811,1.573916337,NA,NA,NA,NA,NA,NA,NA,NA,NA
5,pas_smi5_t3_ch2,Pascopyrum Smithii,C3,2,AC+LT,3,12/26/22,,NA,NA,420,20,27.5,0.13,3.25,-28.28,18.69,23.523,31.7330736,NA,77.65381897,NA,0.687303573,NA,NA,59.26237348,NA,108.1729845,NA,1.350363213,NA,NA,NA,NA,NA,NA,NA,NA,NA
6,pas_smi6_t3_ch2,Pascopyrum Smithii,C3,2,AC+LT,3,12/26/22,1/5/23,NA,NA,420,20,27.5,0.15,3.24,-27.51,17.39,26.764,36.92879628,NA,91.28350305,6.758868551,1.18243723,NA,NA,64.20432091,NA,123.8814375,8.623242334,0.861727572,NA,NA,NA,NA,NA,NA,NA,NA,NA
7,pas_smi7_t4_ch2,Pascopyrum Smithii,C3,2,AC+LT,4,12/26/22,1/6/23,NA,NA,420,20,27.5,0.18,2.986,-27.01,15.06,28.628,20.85588162,NA,52.55780128,3.740464776,0.676338847,NA,NA,NA,NA,NA,NA,NA,NA,NA,NA,NA,NA,NA,NA,NA,NA
8,pas_smi8_t4_ch2,Pascopyrum Smithii,C3,2,AC+LT,4,12/26/22,1/11/23,NA,NA,420,20,27.5,0.18,2.82,-25.81,19.71,29.544,42.62730758,NA,87.95167247,6.194054226,0.647385041,NA,NA,79.37426785,NA,134.1800761,8.809605024,1.174948788,NA,NA,NA,NA,NA,NA,NA,NA,NA
9,ely_can1_t1_ch2,Elymus Canadensis,C3,2,AC+LT,1,12/26/22,,NA,NA,420,20,27.5,0.01,3.104,-25.35,15.05,8.268,24.34024116,NA,58.49668718,NA,0.357488917,NA,NA,49.54371971,NA,85.63483231,5.756954816,0.633142714,NA,NA,NA,NA,NA,NA,NA,NA,NA
10,ely_can2_t1_ch2,Elymus Canadensis,C3,2,AC+LT,1,12/26/22, ,NA,NA,420,20,27.5,0.01,2.825,-25.98,14.18,5.835,NA,NA,NA,NA,NA,NA,NA,NA,NA,NA,NA,NA,NA,NA,NA,NA,NA,NA,NA,NA,NA
11,ely_can3_t2_ch2,Elymus Canadensis,C3,2,AC+LT,2,12/26/22,1/5/23,NA,NA,420,20,27.5,0.02,2.806,-28.02,16.76,10.614,NA,NA,NA,NA,NA,NA,NA,46.00213032,NA,83.23771354,5.730300638,0.887431595,NA,NA,NA,NA,NA,NA,NA,NA,NA
12,ely_can4_t2_ch2,Elymus Canadensis,C3,2,AC+LT,2,12/26/22,1/4/23,NA,NA,420,20,27.5,0.02,2.813,-27.87,16.45,7.555,24.75195798,NA,58.34453356,4.34690116,0.324305524,NA,NA,NA,NA,NA,NA,NA,NA,NA,NA,NA,NA,NA,NA,NA,NA
13,ely_can5_t3_ch2,Elymus Canadensis,C3,2,AC+LT,3,12/26/22,1/5/23,NA,NA,420,20,27.5,0.06,2.791,-27.52,15.06,14.692,NA,NA,NA,NA,NA,NA,NA,NA,NA,NA,NA,NA,NA,NA,NA,NA,NA,NA,NA,NA,NA
14,ely_can6_t3_ch2,Elymus Canadensis,C3,2,AC+LT,3,12/26/22,1/5/23,NA,NA,420,20,27.5,0.03,2.866,-26.71,17.36,10.823,23.16311119,NA,55.08843946,4.070960713,0.395924161,NA,NA,38.07521471,NA,68.81507415,4.808958256,0.695876595,NA,NA,NA,NA,NA,NA,NA,NA,NA
15,ely_can7_t4_ch2,Elymus Canadensis,C3,2,AC+LT,4,12/26/22,1/6/23,NA,NA,420,20,27.5,0.02,2.778,-26.61,17.25,8.69,34.32999363,NA,59.18928097,NA,0.278152535,NA,NA,52.14248166,NA,64.43861847,3.00021445,0.769336473,NA,NA,NA,NA,NA,NA,NA,NA,NA
16,ely_can8_t4_ch2,Elymus Canadensis,C3,2,AC+LT,4,12/26/22,1/7/23,NA,NA,420,20,27.5,0.04,2.833,-24.89,13.78,10.321,18.07121913,NA,45.28671334,3.30815213,0.57429562,NA,NA,45.35893814,NA,79.25599747,5.362157316,0.987965861,NA,NA,NA,NA,NA,NA,NA,NA,NA
17,poa_pra1_t1_ch2,Poa Pratensis,C3,2,AC+LT,1,12/26/22,1/6/23,NA,NA,420,20,27.5,0.01,2.961,-25.13,14.77,19.106,40.30534352,NA,96.09444652,NA,0.696928543,NA,NA,71.70287362,NA,128.3441824,NA,1.27635899,NA,NA,NA,NA,NA,NA,NA,NA,NA
18,poa_pra2_t1_ch2,Poa Pratensis,C3,2,AC+LT,1,12/26/22,,NA,NA,420,20,27.5,0.03,2.918,-24.72,20.47,NA,NA,NA,NA,NA,NA,NA,NA,58.00940236,NA,117.3133765,NA,1.44191293,NA,NA,NA,NA,NA,NA,NA,NA,NA
19,poa_pra3_t2_ch2,Poa Pratensis,C3,2,AC+LT,2,12/26/22,,NA,NA,420,20,27.5,0.01,2.834,-26.3,19.06,11.351,NA,NA,NA,NA,NA,NA,NA,56.43826277,NA,90.20371951,5.372243801,1.12471926,NA,NA,NA,NA,NA,NA,NA,NA,NA
20,poa_pra4_t2_ch2,Poa Pratensis,C3,2,AC+LT,2,12/26/22,1/5/23,NA,NA,420,20,27.5,0.03,2.918,-27.38,20.82,14.647,28.56138067,NA,89.93515047,6.622454408,0.911833445,NA,NA,53.07629729,NA,110.0499416,NA,1.383660694,NA,NA,NA,NA,NA,NA,NA,NA,NA
21,poa_pra5_t3_ch2,Poa Pratensis,C3,2,AC+LT,3,12/26/22,1/11/23,NA,NA,420,20,27.5,0.05,2.789,-25.86,19.61,21.347,38.90597586,NA,101.0494834,NA,0.745505962,NA,NA,68.24589034,NA,137.6116333,NA,1.049323006,NA,NA,NA,NA,NA,NA,NA,NA,NA
22,poa_pra6_t3_ch2,Poa Pratensis,C3,2,AC+LT,3,12/26/22,,NA,NA,420,20,27.5,0.03,2.907,-25.45,20.16,16.569,28.85941867,NA,74.83238561,NA,0.653525649,NA,NA,48.67728487,NA,91.95936675,6.158360248,1.071124254,NA,NA,NA,NA,NA,NA,NA,NA,NA
23,poa_pra7_t4_ch2,Poa Pratensis,C3,2,AC+LT,4,12/26/22,,NA,NA,420,20,27.5,0.06,2.983,-25.43,18.48,24.428,35.92722705,NA,97.13198258,NA,0.49139865,NA,NA,67.75925714,NA,133.7986178,8.807431801,1.204850058,NA,NA,NA,NA,NA,NA,NA,NA,NA
24,poa_pra8_t4_ch2,Poa Pratensis,C3,2,AC+LT,4,12/26/22,,NA,NA,420,20,27.5,0.05,3.004,-25.43,20.5,29.953,33.78860764,NA,81.98075697,NA,0.780138069,NA,NA,63.04111151,NA,120.4574462,NA,1.068269167,NA,NA,NA,NA,NA,NA,NA,NA,NA
25,bou_cur1_t1_ch2,Bouteloua Curtipendula,C4,2,AC+LT,1,12/26/22,1/3/23,NA,NA,420,20,27.5,0.02,2.898,-6.93,23.95,7.263,61384154.21,32.05603859,NA,NA,1.333214232,22.57564899,34.82487916,35.53293798,37.49304484,NA,NA,1.871916531,116.8163884,65.39396117,NA,NA,NA,NA,NA,NA,NA
26,bou_cur2_t1_ch2,Bouteloua Curtipendula,C4,2,AC+LT,1,12/26/22,1/4/23,NA,NA,420,20,27.5,0.09,2.904,-7.27,19.25,15.947,NA,NA,NA,NA,NA,NA,NA,22.28568916,15.75372586,NA,NA,1.833123373,19.75061531,28.96642462,NA,NA,NA,NA,NA,NA,NA
27,bou_cur3_t2_ch2,Bouteloua Curtipendula,C4,2,AC+LT,2,12/26/22,no growth,NA,NA,420,20,27.5,no growth,NA,NA,NA,NA,NA,NA,NA,NA,NA,NA,NA,NA,NA,NA,NA,NA,NA,NA,NA,NA,NA,NA,NA,NA,NA
28,bou_cur4_t2_ch2,Bouteloua Curtipendula,C4,2,AC+LT,2,12/26/22,1/9/23,NA,NA,420,20,27.5,0.03,2.801,-9.65,16.75,8.221,1105.161141,14.78388942,NA,NA,1.160831499,23.25550744,24.00075283,153.3285984,11.37211093,61.41784444,NA,2.097541536,13.62250392,16.33178597,NA,NA,NA,NA,NA,NA,NA
29,bou_cur5_t3_ch2,Bouteloua Curtipendula,C4,2,AC+LT,3,12/26/22,1/11/23,NA,NA,420,20,27.5,0.07,2.884,-9.64,21.84,14.519,8260.900033,35.80377466,NA,NA,1.30405,38.68819013,53.05813847,224.7752756,25.66755608,118.777901,NA,2.146954005,47.45230056,57.31809388,NA,NA,NA,NA,NA,NA,NA
30,bou_cur6_t3_ch2,Bouteloua Curtipendula,C4,2,AC+LT,3,12/26/22,1/9/23,NA,NA,420,20,27.5,0.05,2.874,-8.99,23.74,7.565,NA,NA,NA,NA,NA,NA,NA,46.38038764,4.502542619,31.6053493,NA,2.477200964,NA,NA,NA,NA,NA,NA,NA,NA,NA
31,bou_cur7_t4_ch2,Bouteloua Curtipendula,C4,2,AC+LT,4,12/26/22,1/8/23,NA,NA,420,20,27.5,0.07,2.993,-9.46,19.96,20.289,NA,NA,NA,NA,NA,NA,NA,NA,NA,NA,NA,NA,NA,NA,NA,NA,NA,NA,NA,NA,NA
32,bou_cur8_t4_ch2,Bouteloua Curtipendula,C4,2,AC+LT,4,12/26/22,1/11/23,NA,NA,420,20,27.5,no leave,NA,NA ,NA,NA,NA,NA,NA,NA,NA,NA,NA,NA,NA,NA,NA,NA,NA,NA,NA,NA,NA,NA,NA,NA,NA
33,sch_sco1_t1_ch2,Schizachyrium Scoparium,C4,2,AC+LT,1,12/26/22,no growth,NA,NA,420,20,27.5,no growth,NA,NA,NA,NA,NA,NA,NA,NA,NA,NA,NA,NA,NA,NA,NA,NA,NA,NA,NA,NA,NA,NA,NA,NA,NA
34,sch_sco2_t1_ch2,Schizachyrium Scoparium,C4,2,AC+LT,1,12/26/22,1/11/23,NA,NA,420,20,27.5,0.02,2.881,-7.42,19.2,NA,586.756392,15.06372863,NA,NA,0.758144337,69.25579897,59.75106949,860.5970984,19.05411792,NA,NA,1.734448163,117.3080531,85.85779636,NA,NA,NA,NA,NA,NA,NA
35,sch_sco3_t2_ch2,Schizachyrium Scoparium,C4,2,AC+LT,2,12/26/22,,NA,NA,420,20,27.5,0.01,2.89,-7.67,17.12,9.74,1032.408411,13.74528227,NA,NA,0.66056637,29.70040397,25.13364812,1115.258711,14.40620828,NA,NA,1.659671506,35.13548239,54.24803981,NA,NA,NA,NA,NA,NA,NA
36,sch_sco4_t2_ch2,Schizachyrium Scoparium,C4,2,AC+LT,2,12/26/22,,NA,NA,420,20,27.5,0.02,2.902,-7.39,17.32,9.083,NA,NA,NA,NA,NA,NA,NA,NA,NA,NA,NA,NA,NA,NA,NA,NA,NA,NA,NA,NA,NA
37,sch_sco5_t3_ch2,Schizachyrium Scoparium,C4,2,AC+LT,3,12/26/22,,NA,NA,420,20,27.5,0.02,2.875,-7.72,20.08,14.099,3304.636948,4.945570872,NA,NA,1.07713128,11.22329011,23.66784737,31750847.22,4.175961591,42.64089359,NA,2.291498787,NA,NA,NA,NA,NA,NA,NA,NA,NA
38,sch_sco6_t3_ch2,Schizachyrium Scoparium,C4,2,AC+LT,3,12/26/22,no growth,NA,NA,420,20,27.5,no growth,NA,NA,NA,NA,NA,NA,NA,NA,NA,NA,NA,NA,NA,NA,NA,NA,NA,NA,NA,NA,NA,NA,NA,NA,NA
39,sch_sco7_t4_ch2,Schizachyrium Scoparium,C4,2,AC+LT,4,12/26/22,,NA,NA,420,20,27.5,0.04,2.845,-7.89,20.29,20.833,NA,NA,NA,NA,NA,NA,NA,NA,NA,NA,NA,NA,NA,NA,NA,NA,NA,NA,NA,NA,NA
40,sch_sco8_t4_ch2,Schizachyrium Scoparium,C4,2,AC+LT,4,12/26/22,,NA,NA,420,20,27.5,0.2,NA,NA,NA,NA,119569793.7,33.9815634,178.7119716,NA,1.303130713,46.11613835,47.19987488,9294155.056,6.149736396,44.68120157,NA,2.042284975,10.07023151,12.95485868,NA,NA,NA,NA,NA,NA,NA
41,sor_nut1_t1_ch2,Sorghastrum nutans,C4,2,AC+LT,1,12/26/22,,NA,NA,420,20,27.5,0.05,2.881,-7.29,14.41,21.669,NA,NA,NA,NA,NA,NA,NA,NA,NA,NA,NA,NA,NA,NA,NA,NA,NA,NA,NA,NA,NA
42,sor_nut2_t1_ch2,Sorghastrum nutans,C4,2,AC+LT,1,12/26/22,1/9/23,NA,NA,420,20,27.5,0.1,2.823,-8.32,18.17,26.046,37.02747214,29.48481104,NA,NA,0.932768002,14.85935601,20.56455062,23.96332426,38.74477103,NA,NA,1.744100805,28.51193713,29.40198558,NA,NA,NA,NA,NA,NA,NA
43,sor_nut3_t2_ch2,Sorghastrum nutans,C4,2,AC+LT,2,12/26/22,1/11/23,NA,NA,420,20,27.5,0.12,2.926,-8.12,21.21,39.869,NA,NA,NA,NA,NA,NA,NA,4237433.655,11.05611455,NA,NA,1.441557658,18.35933006,26.26529869,NA,NA,NA,NA,NA,NA,NA
44,sor_nut4_t2_ch2,Sorghastrum nutans,C4,2,AC+LT,2,12/26/22,1/7/23,NA,NA,420,20,27.5,0.11,2.786,-8.46,20.81,27.686,NA,NA,NA,NA,0.6385134,16.78104,17.3062523,NA,NA,NA,NA,NA,NA,NA,NA,NA,NA,NA,NA,NA,NA
45,sor_nut5_t3_ch2,Sorghastrum nutans,C4,2,AC+LT,3,12/26/22,,NA,NA,420,20,27.5,0.06,2.778,-8.19,20.3,24.612,2647.264862,5.207136617,NA,NA,1.138480633,17.56479633,35.41360906,2775638.05,8.346926379,50.02772384,NA,2.004824747,13.41692814,12.01961626,NA,NA,NA,NA,NA,NA,NA
46,sor_nut6_t3_ch2,Sorghastrum nutans,C4,2,AC+LT,3,12/26/22,,NA,NA,420,20,27.5,0.02,2.832,-8.46,19.15,19.688,328259798,39.90888265,NA,NA,1.668988236,89.09154109,67.5099379,213.8283616,21.37950238,102.7720234,NA,2.184034065,78.12874153,64.5540012,NA,NA,NA,NA,NA,NA,NA
47,sor_nut7_t4_ch2,Sorghastrum nutans,C4,2,AC+LT,4,12/26/22,1/9/23,NA,NA,420,20,27.5,0.05,2.78,-8.2,22.04,19.264,14187415.68,1.429129459,33.42016352,NA,0.87382011,NA,NA,23716436.47,3.236716695,26.56448983,NA,1.662124784,NA,NA,NA,NA,NA,NA,NA,NA,NA
48,sor_nut8_t4_ch2,Sorghastrum nutans,C4,2,AC+LT,4,12/26/22,1/11/23,NA,NA,420,20,27.5,0.2,2.83,-9.46,22.27,48.973,NA,NA,NA,NA,NA,NA,NA,62972786.16,10.33228537,61.10348693,NA,1.48104867,22.3337807,18.90019678,NA,NA,NA,NA,NA,NA,NA
49,pas_smi25_t1_ch5,Pascopyrum Smithii,C3,5,EC+LT,1,12/26/22,,NA,NA,1000,20,27.5,0.06,2.889,-28.57,20.69,12.936,28.10217398,NA,80.22451658,5.885064448,0.857080412,NA,NA,55.55327959,NA,128.6306637,NA,1.468946702,NA,NA,NA,NA,NA,NA,NA,NA,NA
50,pas_smi26_t1_ch5,Pascopyrum Smithii,C3,5,EC+LT,1,12/26/22,,NA,NA,1000,20,27.5,0.1,2.768,-28.49,17.11,17.706,26.4035676,NA,77.0390755,NA,0.910444797,NA,NA,56.51462757,NA,131.4557456,NA,1.755847459,NA,NA,NA,NA,NA,NA,NA,NA,NA
51,pas_smi27_t2_ch5,Pascopyrum Smithii,C3,5,EC+LT,2,12/26/22,1/11/23,NA,NA,1000,20,27.5,0.25,3.108,-28.7,19.05,19.227,56.51462757,NA,131.4557456,NA,1.755847459,NA,NA,107.0673472,NA,196.4945243,NA,2.826641707,NA,NA,NA,NA,NA,NA,NA,NA,NA
52,pas_smi28_t2_ch5,Pascopyrum Smithii,C3,5,EC+LT,2,12/26/22,1/9/23,NA,NA,1000,20,27.5,no leave,NA,NA,NA,19.405,27.6224633,NA,62.71411085,NA,1.338628139,NA,NA,52.25288029,NA,84.44943714,NA,1.390984957,NA,NA,NA,NA,NA,NA,NA,NA,NA
53,pas_smi29_t3_ch5,Pascopyrum Smithii,C3,5,EC+LT,3,12/26/22,1/10/23,NA,NA,1000,20,27.5,0.1,3.172,-29.14,21.19,16.083,29.84326015,NA,83.56320462,5.831037217,1.146261049,NA,NA,50.32938543,NA,109.2758371,NA,1.983530753,NA,NA,NA,NA,NA,NA,NA,NA,NA
54,pas_smi30_t3_ch5,Pascopyrum Smithii,C3,5,EC+LT,3,12/26/22,,NA,NA,1000,20,27.5,0.07,2.805,-30.03,19.55,13.427,NA,NA,NA,NA,NA,NA,NA,62.77632528,NA,156.5536672,NA,2.318280694,NA,NA,NA,NA,NA,NA,NA,NA,NA
55,pas_smi31_t4_ch5,Pascopyrum Smithii,C3,5,EC+LT,4,12/26/22,,NA,NA,1000,20,27.5,0.02,3.135,-29.97,16.21,9.965,46.38784861,NA,125.542713,NA,0.972688732,NA,NA,70.65486169,NA,156.5189566,NA,2.123109114,NA,NA,NA,NA,NA,NA,NA,NA,NA
56,pas_smi32_t4_ch5,Pascopyrum Smithii,C3,5,EC+LT,4,12/26/22,1/13/23,NA,NA,1000,20,27.5,0.06,2.9,-29.72,18.23,11.41,NA,NA,NA,NA,NA,NA,NA,NA,NA,NA,NA,NA,NA,NA,NA,NA,NA,NA,NA,NA,NA
57,ely_can25_t1_ch5,Elymus Canadensis,C3,5,EC+LT,1,12/26/22,1/7/23,NA,NA,1000,20,27.5,0.02,2.901,-30.03,16.62,19.682,NA,NA,NA,NA,NA,NA,NA,NA,NA,NA,NA,NA,NA,NA,NA,NA,NA,NA,NA,NA,NA
58,ely_can26_t1_ch5,Elymus Canadensis,C3,5,EC+LT,1,12/26/22,,NA,NA,1000,20,27.5,0.01,2.975,-28.68,18.91,8.824,13.73721899,NA,38.16136421,NA,0.276847106,NA,NA,25.96600317,NA,52.07335653,3.728433485,0.557998616,NA,NA,NA,NA,NA,NA,NA,NA,NA
59,ely_can27_t2_ch5,Elymus Canadensis,C3,5,EC+LT,2,12/26/22,1/6/23,NA,NA,1000,20,27.5,no leave,NA,NA,NA,7.031,16.57964061,NA,45.80071001,3.364754061,0.631780953,NA,NA,32.90427171,NA,58.5699832,NA,1.341855124,NA,NA,NA,NA,NA,NA,NA,NA,NA
60,ely_can28_t2_ch5,Elymus Canadensis,C3,5,EC+LT,2,12/26/22,1/5/23,NA,NA,1000,20,27.5,0.02,2.975,-28.91,16.82,15.452,18.73142081,NA,53.63769422,NA,0.609821316,NA,NA,34.77094115,NA,71.20309091,NA,1.151831179,NA,NA,NA,NA,NA,NA,NA,NA,NA
61,ely_can29_t3_ch5,Elymus Canadensis,C3,5,EC+LT,3,12/26/22,1/5/23,NA,NA,1000,20,27.5,0.01,2.952,-29.91,16.62,13.824,NA,NA,NA,NA,NA,NA,NA,16.34850783,NA,34.7636417,2.478491627,0.795699819,NA,NA,NA,NA,NA,NA,NA,NA,NA
62,ely_can30_t3_ch5,Elymus Canadensis,C3,5,EC+LT,3,12/26/22,1/6/23,NA,NA,1000,20,27.5,0.01,NA,NA,NA,10.901,NA,NA,NA,NA,NA,NA,NA,27.27257995,NA,54.92424745,3.851310517,0.990216213,NA,NA,NA,NA,NA,NA,NA,NA,NA
63,ely_can31_t4_ch5,Elymus Canadensis,C3,5,EC+LT,4,12/26/22,1/5/23,NA,NA,1000,20,27.5,0.04,2.846,-30.34,15.77,17.576,NA,NA,NA,NA,NA,NA,NA,30.28813876,NA,61.9159862,4.262514934,0.810027639,NA,NA,NA,NA,NA,NA,NA,NA,NA
64,ely_can32_t4_ch5,Elymus Canadensis,C3,5,EC+LT,4,12/26/22,1/4/23,NA,NA,1000,20,27.5,0.01,2.762,-30.59,12.78,11.14,NA,NA,NA,NA,NA,NA,NA,17.54234408,NA,40.66585932,2.915291454,0.82237396,NA,NA,NA,NA,NA,NA,NA,NA,NA
65,poa_pra25_t1_ch5,Poa Pratensis,C3,5,EC+LT,1,12/26/22,1/7/23,NA,NA,1000,20,27.5,0.03,2.98,-29.28,16.54,16.211,24.82552616,NA,76.26482888,NA,0.593852951,NA,NA,53.78322368,NA,83.74254017,5.067537918,0.886212736,NA,NA,NA,NA,NA,NA,NA,NA,NA
66,poa_pra26_t1_ch5,Poa Pratensis,C3,5,EC+LT,1,12/26/22,1/9/23,NA,NA,1000,20,27.5,0.01,2.909,-30.23,17.03,6.06,30.08716542,NA,90.96635329,NA,0.694480461,NA,NA,75.9802945,NA,85.83374733,NA,1.209645266,NA,NA,NA,NA,NA,NA,NA,NA,NA
67,poa_pra27_t2_ch5,Poa Pratensis,C3,5,EC+LT,2,12/26/22,1/5/23,NA,NA,1000,20,27.5,0.01,2.933,-31.5,18.89,12.301,32.96842345,NA,74.24068654,5.128512952,0.429687424,NA,NA,NA,NA,NA,NA,NA,NA,NA,NA,NA,NA,NA,NA,NA,NA
68,poa_pra28_t2_ch5,Poa Pratensis,C3,5,EC+LT,2,12/26/22,,NA,NA,1000,20,27.5,0.04,2.902,-29.88,14.1,12.554,39.71395972,NA,77.93009085,NA,0.77085744,NA,NA,NA,NA,NA,NA,NA,NA,NA,NA,NA,NA,NA,NA,NA,NA
69,poa_pra29_t3_ch5,Poa Pratensis,C3,5,EC+LT,3,12/26/22,1/10/23,NA,NA,1000,20,27.5,0.01,2.733,-27.66,11.99,20.294,12.97593541,NA,67.08364729,2.887596966,0.63239711,NA,NA,NA,NA,NA,NA,NA,NA,NA,NA,NA,NA,NA,NA,NA,NA
70,poa_pra30_t3_ch5,Poa Pratensis,C3,5,EC+LT,3,12/26/22,1/3/23,NA,NA,1000,20,27.5,0.04,2.951,-27.23,18.37,20.98,17.95139661,NA,53.4204033,3.932647306,1.018996862,NA,NA,37.04830786,NA,77.10833522,NA,1.552410542,NA,NA,NA,NA,NA,NA,NA,NA,NA
71,poa_pra31_t4_ch5,Poa Pratensis,C3,5,EC+LT,4,12/26/22,1/6/23,NA,NA,1000,20,27.5,0.02,2.874,-29.88,14.67,19.991,21.88288249,NA,58.2305738,5.040081817,0.555009481,NA,NA,45.65759351,NA,92.6072503,6.291056512,0.637628466,NA,NA,NA,NA,NA,NA,NA,NA,NA
72,poa_pra32_t4_ch5,Poa Pratensis,C3,5,EC+LT,4,12/26/22,1/6/23,NA,NA,1000,20,27.5,0.03,2.971,-29.25,16.39,17.704,36.33613197,NA,114.292793,1.143677528,NA,NA,NA,35.47434934,NA,118.0915494,NA,1.894970205,NA,NA,NA,NA,NA,NA,NA,NA,NA
73,bou_cur25_t1_ch5,Bouteloua Curtipendula,C4,5,EC+LT,1,12/26/22,1/7/23,NA,NA,1000,20,27.5,0.01,NA,NA,NA,NA,66725.26,26.07027,NA,NA,1.333214,22.57565,34.82488,35.53294,37.49304,NA,NA,1.871917,116.81693,65.39396,NA,NA,NA,NA,NA,NA,NA
74,bou_cur26_t1_ch5,Bouteloua Curtipendula,C4,5,EC+LT,1,12/26/22,,NA,NA,1000,20,27.5,no leave,NA,NA,NA,2.07,NA,NA,NA,NA,NA,NA,NA,NA,NA,NA,NA,NA,NA,NA,NA,NA,NA,NA,NA,NA,NA
75,bou_cur27_t2_ch5,Bouteloua Curtipendula,C4,5,EC+LT,2,12/26/22,,NA,NA,1000,20,27.5,no leave,NA,NA,NA,NA,NA,NA,NA,NA,NA,NA,NA,NA,NA,NA,NA,NA,NA,NA,NA,NA,NA,NA,NA,NA,NA
76,bou_cur28_t2_ch5,Bouteloua Curtipendula,C4,5,EC+LT,2,12/26/22,,NA,NA,1000,20,27.5,no leave,NA,NA,NA,NA,NA,NA,NA,NA,NA,NA,NA,NA,NA,NA,NA,NA,NA,NA,NA,NA,NA,NA,NA,NA,NA
77,bou_cur29_t3_ch5,Bouteloua Curtipendula,C4,5,EC+LT,3,12/26/22,1/12/23,NA,NA,1000,20,27.5,0.01,2.915,-9.08,25.66,3.987,32.85890211,21.33558559,NA,NA,1.134411864,8.421721907,15.87380039,24.49461747,26.23491961,81.34753602,NA,0.961226553,68.73242502,28.08320816,NA,NA,NA,NA,NA,NA,NA
78,bou_cur30_t3_ch5,Bouteloua Curtipendula,C4,5,EC+LT,3,12/26/22,,NA,NA,1000,20,27.5,0.02,2.764,-10.02,21.79,7.833,37.18061473,18.19300845,NA,NA,0.961226553,73.62303435,25.9602467,63.81848767,14.54595911,63.0892105,NA,1.292040811,23.94744312,25.98665457,NA,NA,NA,NA,NA,NA,NA
79,bou_cur31_t4_ch5,Bouteloua Curtipendula,C4,5,EC+LT,4,12/26/22,1/10/23,NA,NA,1000,20,27.5,0.02,2.814,-10.43,14.78,7.075,401.1298852,14.88149665,NA,NA,0.581594805,21.9475041,27.21621633,383.9971238,23.29282754,NA,NA,1.337349922,54.70245433,64.85137081,NA,NA,NA,NA,NA,NA,NA
80,bou_cur32_t4_ch5,Bouteloua Curtipendula,C4,5,EC+LT,4,12/26/22,1/2/23,NA,NA,1000,20,27.5,0.03,2.914,-8.61,21.44,9.218,1700.561208,29.53974281,NA,NA,1.424664681,40.92184678,45.29537289,2528.348825,30.97952878,NA,NA,1.328604876,35.21239148,55.24026877,NA,NA,NA,NA,NA,NA,NA
81,sch_sco25_t1_ch5,Schizachyrium Scoparium,C4,5,EC+LT,1,12/26/22,1/10/23,NA,NA,1000,20,27.5,0.01,2.778,-8.09,20.57,11.372,455.08647,22.42617,135.46147,NA,0.9036937,27.998232,30.45132,331.49219,21.33855,NA,NA,1.792789356,44.003931,46.46529,NA,NA,NA,NA,NA,NA,NA
82,sch_sco26_t1_ch5,Schizachyrium Scoparium,C4,5,EC+LT,1,12/26/22,1/5/23,NA,NA,1000,20,27.5,0.01,2.99,-6.34,20.06,9.534,37.01571442,40.50260543,NA,NA,1.465243978,37.97889548,48.90675428,281.290977,15.8382788,NA,NA,1.444596606,29.01621723,21.92668827,NA,NA,NA,NA,NA,NA,NA
83,sch_sco27_t2_ch5,Schizachyrium Scoparium,C4,5,EC+LT,2,12/26/22,,NA,NA,1000,20,27.5,no growth,NA,NA,NA,NA,NA,NA,NA,NA,NA,NA,NA,NA,NA,NA,NA,NA,NA,NA,NA,NA,NA,NA,NA,NA,NA
84,sch_sco28_t2_ch5,Schizachyrium Scoparium,C4,5,EC+LT,2,12/26/22,,NA,NA,1000,20,27.5,0.01,NA,NA,NA,4.059,43.4826682,34.33441949,NA,NA,2.802225016,35.06351424,31.15705952,251.4406588,35.94993772,157.733017,NA,1.539673561,138.9816702,101.0127953,NA,NA,NA,NA,NA,NA,NA
85,sch_sco29_t3_ch5,Schizachyrium Scoparium,C4,5,EC+LT,3,12/26/22,,NA,NA,1000,20,27.5,0.01,2.882,-7.87,17.6,7.36,637.579398,15.34943187,NA,NA,1.24204462,29.85973363,34.02783895,298.6679891,30.92951776,159.142318,NA,2.671163672,95.28004595,89.97185767,NA,NA,NA,NA,NA,NA,NA
86,sch_sco30_t3_ch5,Schizachyrium Scoparium,C4,5,EC+LT,3,12/26/22,1/12/23,NA,NA,1000,20,27.5,0.01,2.813,-7.57,20.35,8.716,2857.817551,16.12006083,NA,NA,0.685333369,48.07345416,33.89781862,445.0590495,27.90666376,NA,NA,1.639812128,90.56939997,77.85863351,NA,NA,NA,NA,NA,NA,NA
87,sch_sco31_t4_ch5,Schizachyrium Scoparium,C4,5,EC+LT,4,12/26/22,1/6/23,NA,NA,1000,20,27.5,0.01,2.805,-7.58,15.97,8.784,10864.05589,36.39258724,NA,NA,0.981783937,NA,NA,385.8443933,42.09173969,213.6185954,NA,1.738391056,NA,NA,NA,NA,NA,NA,NA,NA,NA
88,sch_sco32_t4_ch5,Schizachyrium Scoparium,C4,5,EC+LT,4,12/26/22,1/12/23,NA,NA,1000,20,27.5,0.01,2.909,-6.21,15.43,7.495,9721686.19,30.09896554,NA,NA,0.812027174,93.22294451,71.21973727,258.0742723,28.0047199,133.9087952,NA,2.103087059,138.5170625,126.0691893,NA,NA,NA,NA,NA,NA,NA
89,sor_nut25_t1_ch5,Sorghastrum nutans,C4,5,EC+LT,1,12/26/22,,NA,NA,1000,20,27.5,0.03,2.892,-8.29,22.6,16.238,344.5520775,14.37802089,NA,NA,0.800736284,21.26299969,18.88608367,159.6081413,23.16053839,122.8941809,NA,1.671130529,33.38747351,49.874004,NA,NA,NA,NA,NA,NA,NA
90,sor_nut26_t1_ch5,Sorghastrum nutans,C4,5,EC+LT,1,12/26/22,,NA,NA,1000,20,27.5,0.09,2.802,-9.06,22.9,29.962,7180.412802,3.305536316,NA,NA,1.374206116,NA,NA,64756180.33,9.144547802,52.97240773,NA,2.082540661,18.1438318,14.96292347,NA,NA,NA,NA,NA,NA,NA
91,sor_nut27_t2_ch5,Sorghastrum nutans,C4,5,EC+LT,2,12/26/22,1/10/23,NA,NA,1000,20,27.5,0.01,2.731,-8.1,18.66,8.579,138.6550839,12.42733973,72.16008773,NA,0.833735795,24.0910038,33.11428792,363.9244853,13.65664045,69.28851794,NA,1.662546094,20.8082365,27.51705615,NA,NA,NA,NA,NA,NA,NA
92,sor_nut28_t2_ch5,Sorghastrum nutans,C4,5,EC+LT,2,12/26/22,1/10/23,NA,NA,1000,20,27.5,0.02,2.836,-7.04,17.17,8.188,381.9002734,9.915618762,NA,NA,1.076930708,25.88020695,5.029325266,318.3546425,19.66916899,NA,NA,2.34349219,26.4110495,37.90579033,NA,NA,NA,NA,NA,NA,NA
93,sor_nut29_t3_ch5,Sorghastrum nutans,C4,5,EC+LT,3,12/26/22,,NA,NA,1000,20,27.5,0.02,2.752,-7.72,21.48,21.393,103.8397129,19.8840688,NA,NA,1.276500096,12.79982692,21.48402898,22.74229805,26.51810697,81.31511245,NA,1.481082411,63.61872117,37.19524985,NA,NA,NA,NA,NA,NA,NA
94,sor_nut30_t3_ch5,Sorghastrum nutans,C4,5,EC+LT,3,12/26/22,1/12/23,NA,NA,1000,20,27.5,0.03,2.769,-8.04,25.68,25.682,53970170.44,8.46008188,NA,NA,0.445233737,6.769554778,6.207511867,13.83129425,21.35356788,NA,NA,0.82284137,16.52550134,21.76854887,NA,NA,NA,NA,NA,NA,NA
95,sor_nut31_t4_ch5,Sorghastrum nutans,C4,5,EC+LT,4,12/26/22,1/9/23,NA,NA,1000,20,27.5,0.06,2.742,-8.07,20.99,19.368,69915713.51,3.245735581,46.57517706,NA,0.928503072,NA,NA,118390469.1,12.18132113,62.17039839,NA,1.525321109,18.80276241,18.46528625,NA,NA,NA,NA,NA,NA,NA
96,sor_nut32_t4_ch5,Sorghastrum nutans,C4,5,EC+LT,4,12/26/22,1/5/23,NA,NA,1000,20,27.5,0.07,2.84,-8.43,20.94,24.107,NA,NA,NA,NA,NA,NA,NA,NA,NA,NA,NA,NA,NA,NA,NA,NA,NA,NA,NA,NA,NA
97,pas_smi9_t1_ch3,Pascopyrum Smithii,C3,3,AC+HT,1,12/26/22,,NA,NA,420,35,27.5,0.01,1.179,-29.88,11.66,71.399,NA,NA,NA,NA,NA,NA,NA,64.93070762,NA,125.3637051,8.316798066,1.294315933,NA,NA,100.0072712,NA,100.0072712,NA,0.760412773,NA,NA
98,pas_smi10_t1_ch3,Pascopyrum Smithii,C3,3,AC+HT,1,12/26/22,1/7/23,NA,NA,420,35,27.5,0.06,2.808,-25.76,12.66,81.526,NA,NA,NA,NA,NA,NA,NA,87.21647507,NA,154.5626634,NA,0.625092027,NA,NA,151.420245,NA,193.0985046,NA,0.565503765,NA,NA
99,pas_smi11_t2_ch3,Pascopyrum Smithii,C3,3,AC+HT,2,12/26/22,1/7/23,NA,NA,420,35,27.5,0.11,2.91,-26.69,12.02,109.471,NA,NA,NA,NA,NA,NA,NA,125.8607629,NA,238.7552995,NA,2.125530984,NA,NA,218.9927537,NA,289.5565451,NA,2.040068758,NA,NA
100,pas_smi12_t2_ch3,Pascopyrum Smithii,C3,3,AC+HT,2,12/26/22,1/10/23,NA,NA,420,35,27.5,0.03,2.721,-27.89,20.12,73.447,NA,NA,NA,NA,NA,NA,NA,197.3958901,NA,380.9231783,NA,0.290451776,NA,NA,NA,NA,NA,NA,0.765053025,NA,NA
101,pas_smi13_t3_ch3,Pascopyrum Smithii,C3,3,AC+HT,3,12/26/22,1/3/23,NA,NA,420,35,27.5,0.18,2.981,-25.94,15.65,96.385,NA,NA,NA,NA,NA,NA,NA,146.6774957,NA,236.6987506,14.05873926,1.038373253,NA,NA,289.377361,NA,321.2397743,17.59724385,321.2397743,NA,NA
102,pas_smi14_t3_ch3,Pascopyrum Smithii,C3,3,AC+HT,3,12/26/22,1/6/23,NA,NA,420,35,27.5,0.14,2.745,-26.86,19.03,107.334,NA,NA,NA,NA,NA,NA,NA,107.2161878,NA,186.9759683,11.39111854,1.485215007,NA,NA,NA,NA,NA,NA,NA,NA,NA
103,pas_smi15_t4_ch3,Pascopyrum Smithii,C3,3,AC+HT,4,12/26/22,1/5/23,NA,NA,420,35,27.5,0.13,3.011,-26.41,19.07,85.41,NA,NA,NA,NA,NA,NA,NA,154.9147512,NA,285.1184801,15.44994379,0.930376826,NA,NA,NA,NA,NA,NA,NA,NA,NA
104,pas_smi16_t4_ch3,Pascopyrum Smithii,C3,3,AC+HT,4,12/26/22,1/4/23,NA,NA,420,35,27.5,0.11,3.158,-27.38,22.34,93.41,NA,NA,NA,NA,NA,NA,NA,96.07936251,NA,217.3055765,NA,1.264812569,NA,NA,227.3248962,NA,337.1441219,NA,2.648747673,NA,NA
105,ely_can9_t1_ch3,Elymus Canadensis,C3,3,AC+HT,1,12/26/22,1/2/23,NA,NA,420,35,27.5,0.05,2.783,-28.23,11.88,75.687,NA,NA,NA,NA,NA,NA,NA,68.42358549,NA,100.2876413,6.376702388,1.863132859,NA,NA,109.2419838,NA,126.6391035,7.675886096,1.076394082,NA,NA
106,ely_can10_t1_ch3,Elymus Canadensis,C3,3,AC+HT,1,12/26/22,1/2/23,NA,NA,420,35,27.5,0.06,3.075,-27.7,13.71,75.924,NA,NA,NA,NA,NA,NA,NA,60.14409871,NA,99.67062796,NA,1.360809218,NA,NA,105.8494505,NA,107.2154345,5.430703167,1.098248829,NA,NA
107,ely_can11_t2_ch3,Elymus Canadensis,C3,3,AC+HT,2,12/26/22,1/2/23,NA,NA,420,35,27.5,0.03,2.767,-26.91,12.49,77.018,NA,NA,NA,NA,NA,NA,NA,51.58667346,NA,99.63031435,6.790570268,0.205501463,NA,NA,89.307486,NA,75.18747065,3.250207195,1.295606328,NA,NA
108,ely_can12_t2_ch3,Elymus Canadensis,C3,3,AC+HT,2,12/26/22,1/3/23,NA,NA,420,35,27.5,0.05,2.917,-26.31,15.85,80.274,NA,NA,NA,NA,NA,NA,NA,61.58292131,NA,99.17434516,6.943483229,0.941004504,NA,NA,87.40267822,NA,116.8212441,6.909082572,1.129752053,NA,NA
109,ely_can13_t3_ch3,Elymus Canadensis,C3,3,AC+HT,3,12/26/22,1/2/23,NA,NA,420,35,27.5,0.02,2.948,-27.39,13.99,69.295,NA,NA,NA,NA,NA,NA,NA,52.45460416,NA,78.28459791,NA,1.555674335,NA,NA,86.37558394,NA,111.6377153,NA,0.344409488,NA,NA
110,ely_can14_t3_ch3,Elymus Canadensis,C3,3,AC+HT,3,12/26/22,1/3/23,NA,NA,420,35,27.5,0.08,2.862,-27.31,13.81,76.811,NA,NA,NA,NA,NA,NA,NA,42.27143597,NA,75.04475.0873474930169,5.101436122,0.726946542,NA,NA,104.1425237,NA,63.52331426,2.870489293,1.244630707,NA,NA
111,ely_can15_t4_ch3,Elymus Canadensis,C3,3,AC+HT,4,12/26/22,12/31/22,NA,NA,420,35,27.5,0.02,2.769,-27.98,22.22,71.324,NA,NA,NA,NA,NA,NA,NA,8.657330954,NA,76.06310468,NA,0.681024228,NA,NA,87.9100571,NA,93.89548517,6.081060758,0.980361426,NA,NA
112,ely_can16_t4_ch3,Elymus Canadensis,C3,3,AC+HT,4,12/26/22,1/3/23,NA,NA,420,35,27.5,0.01,2.831,-27.64,19.05,69.978,NA,NA,NA,NA,NA,NA,NA,40.80706924,NA,86.74710387,NA,1.383232474,NA,NA,91.81029699,NA,98.86300766,NA,2.136383314,NA,NA
113,poa_pra9_t1_ch3,Poa Pratensis,C3,3,AC+HT,1,12/26/22,1/4/23,NA,NA,420,35,27.5,0.02,2.897,-26.6,18.2,82.637,NA,NA,NA,NA,NA,NA,NA,71.91701362,NA,119.8468638,8.223437933,0.99631656,NA,NA,NA,NA,NA,NA,NA,NA,NA
114,poa_pra10_t1_ch3,Poa Pratensis,C3,3,AC+HT,1,12/26/22,1/3/23,NA,NA,420,35,27.5,0.06,2.859,-27.08,17.3,104.46,NA,NA,NA,NA,NA,NA,NA,70.61769734,NA,130.4193388,13.588.900586047943787,1.317741513,NA,NA,99.53989897,NA,147.1305176,9.658200891,-0.936505887,NA,NA
115,poa_pra11_t2_ch3,Poa Pratensis,C3,3,AC+HT,2,12/26/22,no growth,NA,NA,420,35,27.5,no growth,NA,NA,NA,NA,NA,NA,NA,NA,NA,NA,NA,NA,NA,NA,NA,NA,NA,NA,NA,NA,NA,NA,NA,NA,NA
116,poa_pra12_t2_ch3,Poa Pratensis,C3,3,AC+HT,2,12/26/22,,NA,NA,420,35,27.5,0.04,2.87,-26.45,17.47,89.803,NA,NA,NA,NA,NA,NA,NA,40.8804661,NA,92.00502386,NA,1.012349117,NA,NA,73.5786022,NA,97.26929652,NA,1.231.1605315816036,NA,NA
117,poa_pra13_t3_ch3,Poa Pratensis,C3,3,AC+HT,3,12/26/22,1/4/23,NA,NA,420,35,27.5,0.02,2.809,-26.76,17.64,72.216,NA,NA,NA,NA,NA,NA,NA,65.24781209,NA,130.918094,NA,0.378716638,NA,NA,NA,NA,NA,NA,NA,NA,NA
118,poa_pra14_t3_ch3,Poa Pratensis,C3,3,AC+HT,3,12/26/22,1/3/23,NA,NA,420,35,27.5,0.04,2.864,-27.27,17.53,91.955,NA,NA,NA,NA,NA,NA,NA,42.53129357,NA,87.72246309,NA,1.39838607,NA,NA,65.52114231,NA,85.447354,NA,1.756524069,NA,NA
119,poa_pra15_t4_ch3,Poa Pratensis,C3,3,AC+HT,4,12/26/22,12/31/22,NA,NA,420,35,27.5,0.01,2.841,-26.88,20.16,81.123,NA,NA,NA,NA,NA,NA,NA,67.33390351,NA,130.755329,NA,1.021840357,NA,NA,111.258,NA,153.0263055,NA,1.11410533,NA,NA
120,poa_pra16_t4_ch3,Poa Pratensis,C3,3,AC+HT,4,12/26/22,1/3/23,NA,NA,420,35,27.5,0.02,2.966,-27.64,20.87,88.447,NA,NA,NA,NA,NA,NA,NA,37.87776234,NA,75.62205716,NA,1.04976003,NA,NA,71.55920715,NA,87.41953413,NA,1.255560906,NA,NA
121,bou_cur9_t1_ch3,Bouteloua Curtipendula,C4,3,AC+HT,1,12/26/22,12/31/22,NA,NA,420,35,27.5,0.09,2.982,-9.44,14.11,74.475,NA,NA,NA,NA,NA,NA,NA,10486.40665,2.399661943,NA,NA,0.860844547,35.13547,54.24804,136246.0394,4.256587865,NA,NA,0.813829737,29.7004,25.133648
122,bou_cur10_t1_ch3,Bouteloua Curtipendula,C4,3,AC+HT,1,12/26/22,1/2/23,NA,NA,420,35,27.5,0.18,2.947,-9.81,16.48,89.304,NA,NA,NA,NA,NA,NA,NA,80.41675608,36.58615604,182.0737996,NA,0.957060044,46.03608686,48.64451287,23.12075111,34.42197141,99.8062888,NA,2.260267322,36.84785595,40.01399593
123,bou_cur11_t2_ch3,Bouteloua Curtipendula,C4,3,AC+HT,2,12/26/22,1/2/23,NA,NA,420,35,27.5,0.06,2.942,-9.97,13.93,75.627,NA,NA,NA,NA,NA,NA,NA,34.96796234,27.16613117,NA,NA,1.59993988,24.02689677,38.60522014,19.23779582,53.46044687,NA,NA,2.28758311,34.71726035,23.52385302
124,bou_cur12_t2_ch3,Bouteloua Curtipendula,C4,3,AC+HT,2,12/26/22,1/2/23,NA,NA,420,35,27.5,0.06,2.942,-27.14,16.09,76.037,NA,NA,NA,NA,NA,NA,NA,NA,NA,NA,NA,2.022781,13.6225,16.331786,22.84253864,44.23978161,NA,NA,2.28758311,19.5674772,14.1640881
125,bou_cur13_t3_ch3,Bouteloua Curtipendula,C4,3,AC+HT,3,12/26/22,1/3/23,NA,NA,420,35,27.5,0.05,2.759,-8.65,13.91,76.36,NA,NA,NA,NA,NA,NA,NA,169.7960327,11.58292756,52.46391241,NA,1.324099454,35.64233504,28.35977938,14.41311205,10.89007281,41.25706267,NA,2.166701516,21.52072801,19.14098638
126,bou_cur14_t3_ch3,Bouteloua Curtipendula,C4,3,AC+HT,3,12/26/22,1/2/23,NA,NA,420,35,27.5,0.07,2.805,-9.68,15.34,79.079,NA,NA,NA,NA,NA,NA,NA,25.61569552,18.68885068,69.86753623,NA,1.533706419,25.38153808,26.97294507,19.42522006,27.13266605,NA,NA,1.957527652,17.71228293,25.95789327
127,bou_cur15_t4_ch3,Bouteloua Curtipendula,C4,3,AC+HT,4,12/26/22,,NA,NA,420,35,27.5,0.11,2.97,-9.09,20,81.312,NA,NA,NA,NA,NA,NA,NA,NA,NA,NA,NA,NA,NA,NA,NA,NA,NA,NA,NA,NA,NA
128,bou_cur16_t4_ch3,Bouteloua Curtipendula,C4,3,AC+HT,4,12/26/22,,NA,NA,420,35,27.5,0.03,2.94,-10.35,16.9,76.218,NA,NA,NA,NA,NA,NA,NA,461.1955173,8.645378131,NA,NA,1.215607123,17.8515622,9.403759048,23.16279363,11.73215474,57.33456254,NA,1.69586001,12.10391396,10.36492626
129,sch_sco9_t1_ch3,Schizachyrium Scoparium,C4,3,AC+HT,1,12/26/22,1/4/23,NA,NA,420,35,27.5,0.07,2.848,-7.69,16.09,105.354,NA,NA,NA,NA,NA,NA,NA,42.24095291,30.09451848,NA,NA,NA,35.73594425,58.2780245,34.88693282,46.98474691,152.3984565,NA,2.039808252,90.58367366,64.17527778
130,sch_sco10_t1_ch3,Schizachyrium Scoparium,C4,3,AC+HT,1,12/26/22,,NA,NA,420,35,27.5,0.02,2.882,-7.34,19.32,88.709,NA,NA,NA,NA,NA,NA,NA,450.7141193,15.67519086,NA,NA,1.944490188,34.31987853,50.40629871,NA,NA,NA,NA,NA,NA,NA
131,sch_sco11_t2_ch3,Schizachyrium Scoparium,C4,3,AC+HT,2,12/26/22,1/2/23,NA,NA,420,35,27.5,0.06,2.893,-8.3,18.87,87.458,NA,NA,NA,NA,NA,NA,NA,NA,NA,NA,NA,NA,NA,NA,335.7483466,30.14282138,154.1120464,NA,2.19192437,75.90270869,77.58067874
132,sch_sco12_t2_ch3,Schizachyrium Scoparium,C4,3,AC+HT,2,12/26/22,no growth,NA,NA,420,35,27.5,no growth,NA,NA,NA,NA,NA,NA,NA,NA,NA,NA,NA,NA,NA,NA,NA,NA,NA,NA,NA,NA,NA,NA,NA,NA,NA
133,sch_sco13_t3_ch3,Schizachyrium Scoparium,C4,3,AC+HT,3,12/26/22,1/5/23,NA,NA,420,35,27.5,0.01,2.817,-6.73,17.31,75.264,NA,NA,NA,NA,NA,NA,NA,NA,NA,NA,NA,2.0402285,10.07023,12.954859,28.62165683,40.91956535,NA,NA,2.19192437,140.7447406,59.15742489
134,sch_sco14_t3_ch3,Schizachyrium Scoparium,C4,3,AC+HT,3,12/26/22,1/3/23,NA,NA,420,35,27.5,0.02,2.976,-8.17,15.5,78.062,NA,NA,NA,NA,NA,NA,NA,124.7209631,15.21983717,55.53437875,NA,1.037296769,45.9017353,38.48442575,NA,NA,NA,NA,NA,NA,NA
135,sch_sco15_t4_ch3,Schizachyrium Scoparium,C4,3,AC+HT,4,12/26/22,1/4/23,NA,NA,420,35,27.5,0.03,2.796,-9.23,19.3,68.673,NA,NA,NA,NA,NA,NA,NA,161076.3481,14.7574945,NA,NA,1.24743458,19.93511184,28.25936938,147.079417,24.13454176,100.0303037,NA,2.19192437,56.71829666,47.72942496
136,sch_sco16_t4_ch3,Schizachyrium Scoparium,C4,3,AC+HT,4,12/26/22,1/2/23,NA,NA,420,35,27.5,0.02,2.902,-8.92,16.53,76.211,NA,NA,NA,NA,NA,NA,NA,269.4280358,17.09457124,85.25158406,NA,0.829523789,36.58396103,39.3427084,22.39487812,18.39979987,68.92247539,NA,1.170555706,28.93839141,35.16598243
137,sor_nut9_t1_ch3,Sorghastrum nutans,C4,3,AC+HT,1,12/26/22,12/31/22,NA,NA,420,35,27.5,0.05,2.95,-7.62,11.47,82.841,NA,NA,NA,NA,NA,NA,NA,226.8610594,8.850292743,60.19929042,NA,2.207417596,20.53094828,18.94611243,NA,NA,NA,NA,NA,NA,NA
138,sor_nut10_t1_ch3,Sorghastrum nutans,C4,3,AC+HT,1,12/26/22,1/2/23,NA,NA,420,35,27.5,0.16,2.906,-7.58,11.64,107.299,NA,NA,NA,NA,NA,NA,NA,270.5610089,5.4012675,NA,NA,2.972041085,23.71873377,1.129090298,115.3649418,11.52577711,71.71418967,NA,3.04659484,32.04456899,24.39343818
139,sor_nut11_t2_ch3,Sorghastrum nutans,C4,3,AC+HT,2,12/26/22,1/2/23,NA,NA,420,35,27.5,0.16,2.896,-8.06,13.49,115.965,NA,NA,NA,NA,NA,NA,NA,19714.32162,2.974598738,NA,NA,2.185732724,12.75321636,8.033055743,255.7854016,17.65726916,97.26358447,NA,2.790284802,49.93922082,36.95857285
140,sor_nut12_t2_ch3,Sorghastrum nutans,C4,3,AC+HT,2,12/26/22,1/2/23,NA,NA,420,35,27.5,0.22,2.781,-7.94,15.28,121.121,NA,NA,NA,NA,NA,NA,NA,472.972076,19.90639297,NA,NA,2.589281641,NA,NA,NA,NA,NA,NA,NA,NA,NA
141,sor_nut13_t3_ch3,Sorghastrum nutans,C4,3,AC+HT,3,12/26/22,1/2/23,NA,NA,420,35,27.5,0.18,2.873,-6.89,19.8,NA,NA,NA,NA,NA,NA,NA,NA,284.8249464,20.65935709,109.9028048,NA,3.470394602,35.58389436,35.94429532,218.0795913,25.00499813,130.6504023,NA,4.303435558,41.60808585,45.17760641
142,sor_nut14_t3_ch3,Sorghastrum nutans,C4,3,AC+HT,3,12/26/22,1/2/23,NA,NA,420,35,27.5,0.07,2.903,-7.89,13.49,100.88,NA,NA,NA,NA,NA,NA,NA,NA,NA,NA,NA,NA,NA,NA,495.8887687,24.01638245,NA,NA,3.08251497,87.80813767,112.1102171
143,sor_nut15_t4_ch3,Sorghastrum nutans,C4,3,AC+HT,4,12/26/22,1/2/23,NA,NA,420,35,27.5,0.04,2.836,-6.95,18.07,92.87,NA,NA,NA,NA,NA,NA,NA,980.3811691,13.28507552,80.05554684,NA,2.52944055,26.20987679,25.41689194,NA,15.68589,9.203786,58.65461,3.0992232,23.22116,19.512822
144,sor_nut16_t4_ch3,Sorghastrum nutans,C4,3,AC+HT,4,12/26/22,1/2/23,NA,NA,420,35,27.5,0.11,2.998,-8.48,19.78,91.685,NA,NA,NA,NA,NA,NA,NA,221.7041963,29.33654122,115.4812107,NA,2.281960579,84.65622471,51.61159672,NA,NA,NA,NA,NA,NA,NA
145,pas_smi17_t1_ch4,Pascopyrum Smithii,C3,4,EC+HT,1,12/26/22,1/11/23,NA,NA,1000,35,27.5,0.02,3.158,-28.28,17.81,76.901,NA,NA,NA,NA,NA,NA,NA,NA,NA,NA,NA,NA,NA,NA,NA,NA,NA,NA,NA,NA,NA
146,pas_smi18_t1_ch4,Pascopyrum Smithii,C3,4,EC+HT,1,12/26/22,,NA,NA,1000,35,27.5,0.05,2.73,-30,20.14,85.5,NA,NA,NA,NA,NA,NA,NA,93.58769366,NA,174.239183,11.86852304,2.475387754,NA,NA,NA,NA,NA,NA,NA,NA,NA
147,pas_smi19_t2_ch4,Pascopyrum Smithii,C3,4,EC+HT,2,12/26/22,1/9/23,NA,NA,1000,35,27.5,0.22,3.065,-27.34,14.89,96.581,NA,NA,NA,NA,NA,NA,NA,NA,NA,NA,NA,NA,NA,NA,NA,NA,NA,NA,NA,NA,NA
148,pas_smi20_t2_ch4,Pascopyrum Smithii,C3,4,EC+HT,2,12/26/22,,NA,NA,1000,35,27.5,0.1,3.122,-28.89,16.55,91.367,NA,NA,NA,NA,NA,NA,NA,100.4957707,NA,144.8181654,NA,1.416686676,NA,NA,199.2934588,NA,229.2785544,13.91801196,1.896271963,NA,NA
149,pas_smi21_t3_ch4,Pascopyrum Smithii,C3,4,EC+HT,3,12/26/22,,NA,NA,1000,35,27.5,0.05,2.82,-28.22,21.78,81.514,NA,NA,NA,NA,NA,NA,NA,146.1069759,NA,240.1592107,11.4560578,0.266742699,NA,NA,318.6651878,NA,369.2524183,18.50693636,1.193303657,NA,NA
150,pas_smi22_t3_ch4,Pascopyrum Smithii,C3,4,EC+HT,3,12/26/22,1/11/23,NA,NA,1000,35,27.5,0.13,3.031,-28.89,15.84,81.12,NA,NA,NA,NA,NA,NA,NA,137.3806472,NA,283.3020006,NA,1.354796877,NA,NA,290.9316356,NA,389.3099855,21.27756737,2.708556171,NA,NA
151,pas_smi23_t4_ch4,Pascopyrum Smithii,C3,4,EC+HT,4,12/26/22,1/5/23,NA,NA,1000,35,27.5,0.23,2.883,-26.36,14.37,98.517,NA,NA,NA,NA,NA,NA,NA,59.19483985,NA,134.3369955,9.289239915,2.323426428,NA,NA,107.6201501,NA,158.1759957,NA,3.314605046,NA,NA
152,pas_smi24_t4_ch4,Pascopyrum Smithii,C3,4,EC+HT,4,12/26/22,1/6/23,NA,NA,1000,35,27.5,0.13,3.256,-28.26,17.96,87.514,NA,NA,NA,NA,NA,NA,NA,72.21885308,NA,150.8625704,NA,3.523336072,NA,NA,135.0892746,NA,184.0787337,NA,2.403550465,NA,NA
153,ely_can17_t1_ch4,Elymus Canadensis,C3,4,EC+HT,1,12/26/22,1/4/23,NA,NA,1000,35,27.5,0.01,2.983,-28.51,19.29,75.165,NA,NA,NA,NA,NA,NA,NA,NA,NA,NA,NA,NA,NA,NA,NA,NA,NA,NA,NA,NA,NA
154,ely_can18_t1_ch4,Elymus Canadensis,C3,4,EC+HT,1,12/26/22,1/4/23,NA,NA,1000,35,27.5,0.01,2.756,-26.69,16.93,67.262,NA,NA,NA,NA,NA,NA,NA,NA,NA,NA,NA,NA,NA,NA,NA,NA,NA,NA,NA,NA,NA
155,ely_can19_t2_ch4,Elymus Canadensis,C3,4,EC+HT,2,12/26/22,1/3/23,NA,NA,1000,35,27.5,0.6,2.848,-27.05,12.03,82.66,NA,NA,NA,NA,NA,NA,NA,30.13993086,NA,68.48269778,NA,0.143371284,NA,NA,42.55559984,NA,56.88476743,NA,0.143371284,NA,NA
156,ely_can20_t2_ch4,Elymus Canadensis,C3,4,EC+HT,2,12/26/22,1/3/23,NA,NA,1000,35,27.5,0.12,3.012,-25.33,7.92,95.133,NA,NA,NA,NA,NA,NA,NA,43.84992937,NA,93.35059282,NA,0.839015539,NA,NA,67.43837993,NA,68.4657392,3.681776897,0.132822354,NA,NA
157,ely_can21_t3_ch4,Elymus Canadensis,C3,4,EC+HT,3,12/26/22,1/5/23,NA,NA,1000,35,27.5,0.02,2.994,-28.22,17.41,85.384,NA,NA,NA,NA,NA,NA,NA,42.55977435,NA,100.3503373,NA,1.742415545,NA,NA,73.39953264,NA,111.152176,NA,1.908906606,NA,NA
158,ely_can22_t3_ch4,Elymus Canadensis,C3,4,EC+HT,3,12/26/22,1/4/23,NA,NA,1000,35,27.5,0.07,2.988,-27.35,14.1,98.481,NA,NA,NA,NA,NA,NA,NA,48.34000834,NA,126.846733,9.243048634,1.814336911,NA,NA,91.31214464,NA,135.5970736,NA,1.863272447,NA,NA
159,ely_can23_t4_ch4,Elymus Canadensis,C3,4,EC+HT,4,12/26/22,1/3/23,NA,NA,1000,35,27.5,0.07,2.766,-29.1,16.51,97.453,NA,NA,NA,NA,NA,NA,NA,74.35461353,NA,183.5052003,NA,1.890528183,NA,NA,140.2428195,NA,166.478392,8.976269437,2.351734187,NA,NA
160,ely_can24_t4_ch4,Elymus Canadensis,C3,4,EC+HT,4,12/26/22,1/3/23,NA,NA,1000,35,27.5,0.01,2.767,-27.6,17.46,78.348,NA,NA,NA,NA,NA,NA,NA,NA,NA,NA,NA,NA,NA,NA,68.30238902,NA,76.19549027,4.223643398,1.539304773,NA,NA
161,poa_pra17_t1_ch4,Poa Pratensis,C3,4,EC+HT,1,12/26/22,1/5/23,NA,NA,1000,35,27.5,0.02,2.847,-27.52,14.72,77.499,NA,NA,NA,NA,NA,NA,NA,76.16369596,NA,88.57636923,NA,2.031081304,NA,NA,99.20449185,NA,110.6740952,NA,2.16766894,NA,NA
162,poa_pra18_t1_ch4,Poa Pratensis,C3,4,EC+HT,1,12/26/22,,NA,NA,1000,35,27.5,0.01,2.794,-26.63,17.48,74.685,NA,NA,NA,NA,NA,NA,NA,36.37382182,NA,86.3183276,NA,1.5544373,NA,NA,99.20449185,NA,110.6740952,NA,2.167668937,NA,NA
163,poa_pra19_t2_ch4,Poa Pratensis,C3,4,EC+HT,2,12/26/22,1/4/23,NA,NA,1000,35,27.5,0.12,2.762,-27.54,8.16,107.943,NA,NA,NA,NA,NA,NA,NA,53.23005762,NA,90.72911939,NA,1.871846221,NA,NA,82.4624951,NA,107.3579339,NA,1.527287646,NA,NA
164,poa_pra20_t2_ch4,Poa Pratensis,C3,4,EC+HT,2,12/26/22,1/5/23,NA,NA,1000,35,27.5,0.13,2.806,-27.68,7.93,110.418,NA,NA,NA,NA,NA,NA,NA,37.97409173,NA,76.34889006,NA,0.908226582,NA,NA,66.7584856,NA,95.67008839,NA,1.284232219,NA,NA
165,poa_pra21_t3_ch4,Poa Pratensis,C3,4,EC+HT,3,12/26/22,1/9/23,NA,NA,1000,35,27.5,0.06,2.913,-28.71,17.8,101.143,NA,NA,NA,NA,NA,NA,NA,61.85827363,NA,115.1791864,7.62994711,1.367614682,NA,NA,106.9163773,NA,138.6590351,8.511759866,1.480003575,NA,NA
166,poa_pra22_t3_ch4,Poa Pratensis,C3,4,EC+HT,3,12/26/22,no growth,NA,NA,1000,35,27.5,no growth,NA,NA,NA,NA,NA,NA,NA,NA,NA,NA,NA,NA,NA,NA,NA,NA,NA,NA,NA,NA,NA,NA,NA,NA,NA
167,poa_pra23_t4_ch4,Poa Pratensis,C3,4,EC+HT,4,12/26/22,1/6/23,NA,NA,1000,35,27.5,0.04,2.79,-28.86,17.14,83.642,NA,NA,NA,NA,NA,NA,NA,52.22488914,NA,115.4410008,NA,0.765453514,NA,NA,109.7941749,NA,145.6967266,NA,1.142493695,NA,NA
168,poa_pra24_t4_ch4,Poa Pratensis,C3,4,EC+HT,4,12/26/22,1/9/23,NA,NA,1000,35,27.5,0.1,2.835,-28.08,16.55,120.429,NA,NA,NA,NA,NA,NA,NA,66.61501202,NA,122.9864307,NA,2.031081304,NA,NA,114.5917726,NA,156.9873487,NA,2.173749013,NA,NA
169,bou_cur17_t1_ch4,Bouteloua Curtipendula,C4,4,EC+HT,1,12/26/22,12/30/22,NA,NA,1000,35,27.5,0.1,2.893,-8.55,19.3,66.066,NA,NA,NA,NA,NA,NA,NA,352.6095705,10.73584719,NA,NA,1.444597,17.48967627,19.07114355,19.89771156,33.37752942,NA,NA,2.456804783,14.62935145,11.58469049
170,bou_cur18_t1_ch4,Bouteloua Curtipendula,C4,4,EC+HT,1,12/26/22,,NA,NA,1000,35,27.5,no leave,NA,NA,NA,78.228,NA,NA,NA,NA,NA,NA,NA,202.9866939,14.73723691,NA,NA,2.529504679,24.47894457,16.06032395,99.17228812,21.47556558,135.9072697,NA,2.802225016,30.41131563,26.77144875
171,bou_cur19_t2_ch4,Bouteloua Curtipendula,C4,4,EC+HT,2,12/26/22,,NA,NA,1000,35,27.5,0.06,2.913,-9.02,14.65,73.983,NA,NA,NA,NA,NA,NA,NA,35.5259743,47.59770299,NA,NA,1.365020004,NA,NA,37.62023962,63.67765619,NA,NA,1.664197698,90.88694049,87.92756191
172,bou_cur20_t2_ch4,Bouteloua Curtipendula,C4,4,EC+HT,2,12/26/22,12/31/22,NA,NA,1000,35,27.5,0.12,2.962,-8.25,6.83,70.4,NA,NA,NA,NA,NA,NA,NA,315.1504117,18.02229413,103.8344127,NA,2.779150493,20.28678235,16.57681401,27.73326177,43.90887541,NA,NA,2.692417275,24.89200774,32.44049781
173,bou_cur21_t3_ch4,Bouteloua Curtipendula,C4,4,EC+HT,3,12/26/22,12/30/22,NA,NA,1000,35,27.5,0.04,2.81,-8.45,13.89,70.124,NA,NA,NA,NA,NA,NA,NA,3738.677265,3.890581257,NA,NA,1.362921204,18.47870228,6.746275763,672.2094644,8.02063127,NA,NA,1.644490404,17.68685967,5.685590875
174,bou_cur22_t3_ch4,Bouteloua Curtipendula,C4,4,EC+HT,3,12/26/22,,NA,NA,1000,35,27.5,0.03,2.864,-8.89,17.42,76.425,NA,NA,NA,NA,NA,NA,NA,15.77511544,93.16224455,NA,NA,2.529504679,8.202420324,5.338772852,21.11530564,52.38111453,NA,NA,2.541671561,17.02858252,14.28760366
175,bou_cur23_t4_ch4,Bouteloua Curtipendula,C4,4,EC+HT,4,12/26/22,12/31/22,NA,NA,1000,35,27.5,0.12,2.979,-8.84,14.78,81.554,NA,NA,NA,NA,NA,NA,NA,281.2915717,15.83827823,NA,NA,1.444596606,29.01621727,21.92668827,37.01571441,40.50260545,NA,NA,1.465243978,37.97889549,48.90675428
176,bou_cur24_t4_ch4,Bouteloua Curtipendula,C4,4,EC+HT,4,12/26/22,12/31/22,NA,NA,1000,35,27.5,0.09,2.862,-8.97,15.29,75.741,NA,NA,NA,NA,NA,NA,NA,230.057317,15.68681276,NA,NA,2.50860509,30.86828145,13.38747636,43.48266819,34.33441949,NA,NA,2.802225016,35.06351431,31.15705952
177,sch_sco17_t1_ch4,Schizachyrium Scoparium,C4,4,EC+HT,1,12/26/22,1/2/23,NA,NA,1000,35,27.5,0.01,2.939,-8.16,14.97,74.874,NA,NA,NA,NA,NA,NA,NA,465.6967938,13.71697367,72.12876981,NA,0.596330142,23.87405475,31.00380761,43.83730091,24.07908547,92.14031515,NA,0.891425385,48.92384197,31.00380761
178,sch_sco18_t1_ch4,Schizachyrium Scoparium,C4,4,EC+HT,1,12/26/22,12/30/22,NA,NA,1000,35,27.5,0.02,2.892,-7.74,13.93,76.735,NA,NA,NA,NA,NA,NA,NA,17.80236961,21.71113208,65.2841308,NA,1.39222259,10.73107,13.475091,13930.581,14.082927,NA,NA,0.886079,75.90281,77.580679
179,sch_sco19_t2_ch4,Schizachyrium Scoparium,C4,4,EC+HT,2,12/26/22,1/7/23,NA,NA,1000,35,27.5,0.01,2.85,-5.48,14.78,81.583,NA,NA,NA,NA,NA,NA,NA,243.0610411,19.90529965,93.98131063,NA,93.98131063,30.4055882,37.2145531,33.14751045,32.88058219,118.5426988,NA,1.39222259,41.54870215,45.38929691
180,sch_sco20_t2_ch4,Schizachyrium Scoparium,C4,4,EC+HT,2,12/26/22,12/30/22,NA,NA,1000,35,27.5,0.15,2.885,-7.84,12.22,117.332,NA,NA,NA,NA,NA,NA,NA,407.0050964,22.19794886,117.1703656,NA,1.42489987,36.28417895,57.05171416,167.6672881,31.9847004,139.9753673,NA,1.55180104,82.60220805,76.37005702
181,sch_sco21_t3_ch4,Schizachyrium Scoparium,C4,4,EC+HT,3,12/26/22,,NA,NA,1000,35,27.5,0.02,2.779,-6.88,13.04,88.083,NA,NA,NA,NA,NA,NA,NA,25.795325.143959827917,43.3429.23923672241728,NA,NA,1.180616888,NA,NA,25.79537914,43.34241741,NA,NA,1.382565102,89.24100044,59.97339336
182,sch_sco22_t3_ch4,Schizachyrium Scoparium,C4,4,EC+HT,3,12/26/22,12/30/22,NA,NA,1000,35,27.5,0.07,2.966,-7.19,15.63,93.324,NA,NA,NA,NA,NA,NA,NA,251.9350981,18.98025005,102.8442004,NA,1.594900065,31.53185561,40.81012658,205.8732093,22.56765418,125.7617814,NA,1.74309885,45.19212287,57.39420843
183,sch_sco23_t4_ch4,Schizachyrium Scoparium,C4,4,EC+HT,4,12/26/22,,NA,NA,1000,35,27.5,0.07,2.859,-6.44,13.41,98.83,NA,NA,NA,NA,NA,NA,NA,554.5532407,13.12750326,NA,NA,1.896271963,65.184229,54.39388029,41.11399343,15.06999519,77.01356482,NA,1.39222259,24.09100204,33.11428792
184,sch_sco24_t4_ch4,Schizachyrium Scoparium,C4,4,EC+HT,4,12/26/22,1/3/23,NA,NA,1000,35,27.5,0.04,2.947,-6.52,13.21,94.365,NA,NA,NA,NA,NA,NA,NA,224.1594776,14.14035652,NA,NA,2.350848051,23.71443886,23.64284932,399.2960381,20.15934734,NA,NA,1.39222259,41.89599698,45.23943051
185,sor_nut17_t1_ch4,Sorghastrum nutans,C4,4,EC+HT,1,12/26/22,,NA,NA,1000,35,27.5,NA,2.867,-7.95,19.06,83.902,NA,NA,NA,NA,NA,NA,NA,NA,NA,NA,NA,NA,NA,NA,NA,NA,NA,NA,NA,NA,NA
186,sor_nut18_t1_ch4,Sorghastrum nutans,C4,4,EC+HT,1,12/26/22,12/30/22,NA,NA,1000,35,27.5,0.03,2.866,-7.85,15.94,96.089,NA,NA,NA,NA,NA,NA,NA,NA,NA,NA,NA,2.38991772,17.34043,14.8044619,16342.02196,1.720013886,NA,NA,0.777352535,14.43121772,12.49332119
187,sor_nut19_t2_ch4,Sorghastrum nutans,C4,4,EC+HT,2,12/26/22,12/30/22,NA,NA,1000,35,27.5,0.35,2.993,-5.89,9.54,144.285,NA,NA,NA,NA,NA,NA,NA,35255880.47,27.59205514,138.7176803,NA,0.781288865,41.57301887,55.76979497,57.03161345,33.61151076,174.3335536,NA,1.236203797,46.71534907,60.97185165
188,sor_nut20_t2_ch4,Sorghastrum nutans,C4,4,EC+HT,2,12/26/22,12/30/22,NA,NA,1000,35,27.5,0.29,2.8,-7.39,8.14,124.408,NA,NA,NA,NA,NA,NA,NA,11839.905,12.181321,62.1704,NA,1.52553211,18.80276,18.4652863,27.51425297,36.72352048,NA,NA,1.771758,25.69358989,27.95794246
189,sor_nut21_t3_ch4,Sorghastrum nutans,C4,4,EC+HT,3,12/26/22,12/30/22,NA,NA,1000,35,27.5,0.14,2.819,-7.61,13.74,110.654,NA,NA,NA,NA,NA,NA,NA,3525450.794,3.498140982,34.29953446,NA,1.808975616,NA,NA,14.23849697,6.0319397,32.37816373,NA,1.771758,5.717713875,5.64460831
190,sor_nut22_t3_ch4,Sorghastrum nutans,C4,4,EC+HT,3,12/26/22,12/31/22,NA,NA,1000,35,27.5,0.16,2.914,-7.7,15.29,108.969,NA,NA,NA,NA,NA,NA,NA,310.9651793,7.46209445,NA,NA,1.939717068,23.98044965,7.063137595,1147.352385,12.7766513,NA,NA,2.17961902,36.81654372,17.98517332
191,sor_nut23_t4_ch4,Sorghastrum nutans,C4,4,EC+HT,4,12/26/22,12/31/22,NA,NA,1000,35,27.5,0.12,2.965,-7.4,12.63,NA,NA,NA,NA,NA,NA,NA,NA,133046.5357,4.371620175,40.05017359,NA,1.341703064,11.67933205,5.307598579,21250.36904,3.423619075,NA,NA,1.77222317,15.78428647,5.160693485
192,sor_nut24_t4_ch4,Sorghastrum nutans,C4,4,EC+HT,4,12/26/22,12/31/22,NA,NA,1000,35,27.5,0.16,2.944,-6.58,16.93,115.865,NA,NA,NA,NA,NA,NA,NA,14291.44528,3.564550739,NA,NA,1.4850105,12.6595754,2.58181712,749.3302288,6.244222425,NA,NA,2.893391525,19.03521782,5.045680138